2018銷售表,,,,,,,
,,,,,,,
,,,,,,,
日期,區域,國名,城市,商品名稱,數量,單價,小計
2018/1/3,亞洲,中國,上海,巴西咖啡豆,40,675,27000
2018/1/3,美洲,加拿大,多倫多,巴西咖啡豆,32,675,21600
2018/1/3,美洲,美國,芝加哥,手搖磨豆機,65,2250,146250
2018/1/3,美洲,加拿大,溫哥華,瓜地馬拉咖啡豆,69,525,36225
2018/1/4,亞洲,日本,大阪,手搖磨豆機,44,2250,99000
2018/1/4,美洲,美國,紐約,爪哇咖啡豆,43,675,29025
2018/1/4,亞洲,中國,廣州,阿拉比卡咖啡豆,46,525,24150
2018/1/4,亞洲,中國,北京,爪哇咖啡豆,39,675,26325
2018/1/4,亞洲,日本,橫濱,保溫壺,52,750,39000
2018/1/6,美洲,美國,芝加哥,曼特寧咖啡豆,32,2450,78400
2018/1/6,美洲,美國,紐約,經典咖啡豆,49,675,33075
2018/1/7,亞洲,中國,上海,研磨咖啡機,16,3125,50000
2018/1/7,亞洲,日本,大阪,重焙咖啡豆,17,750,12750
2018/1/7,亞洲,中國,北京,哥倫比亞咖啡豆,45,525,23625
2018/1/7,美洲,加拿大,多倫多,旅行咖啡機,52,2500,130000
2018/1/7,美洲,加拿大,溫哥華,義式咖啡機,39,6075,236925
2018/1/7,亞洲,中國,廣州,電動磨豆機,50,3500,175000
2018/1/8,亞洲,日本,橫濱,藍山咖啡豆,43,875,37625
2018/1/9,亞洲,日本,橫濱,經典咖啡豆,34,675,22950
2018/1/10,亞洲,中國,上海,瓜地馬拉咖啡豆,75,525,39375
2018/1/10,亞洲,日本,大阪,阿拉比卡咖啡豆,66,525,34650
2018/1/10,美洲,加拿大,多倫多,研磨咖啡機,33,3125,103125
2018/1/10,美洲,美國,芝加哥,重焙咖啡豆,39,750,29250
2018/1/10,美洲,美國,紐約,哥倫比亞咖啡豆,29,525,15225
2018/1/10,美洲,加拿大,溫哥華,旅行咖啡機,64,2500,160000
2018/1/10,亞洲,中國,廣州,曼特寧咖啡豆,67,2450,164150
2018/1/11,亞洲,中國,北京,保溫壺,66,750,49500
2018/1/12,亞洲,日本,大阪,巴西咖啡豆,29,675,19575
2018/1/13,亞洲,中國,上海,義式咖啡機,62,6075,376650
2018/1/13,美洲,美國,紐約,阿拉比卡咖啡豆,35,525,18375
2018/1/13,美洲,加拿大,溫哥華,保溫壺,52,750,39000
2018/1/13,美洲,美國,芝加哥,瓜地馬拉咖啡豆,42,525,22050
2018/1/13,亞洲,日本,橫濱,重焙咖啡豆,58,750,43500
2018/1/14,亞洲,中國,北京,手搖磨豆機,62,2250,139500
2018/1/14,美洲,加拿大,多倫多,爪哇咖啡豆,53,675,35775
2018/1/14,亞洲,中國,廣州,研磨咖啡機,43,3125,134375
2018/1/15,亞洲,日本,大阪,旅行咖啡機,96,2500,240000
2018/1/15,美洲,美國,芝加哥,義式咖啡機,105,6075,637875
2018/1/15,美洲,美國,紐約,電動磨豆機,99,3500,346500
2018/1/15,美洲,加拿大,溫哥華,藍山咖啡豆,44,875,38500
2018/1/15,亞洲,日本,橫濱,藍山咖啡豆,95,875,83125
2018/1/16,亞洲,中國,北京,曼特寧咖啡豆,82,2450,200900
2018/1/16,美洲,加拿大,多倫多,經典咖啡豆,74,675,49950
2018/1/17,亞洲,中國,上海,哥倫比亞咖啡豆,54,525,28350
2018/1/17,亞洲,中國,廣州,電動磨豆機,56,3500,196000
2018/1/18,亞洲,中國,上海,巴西咖啡豆,31,675,20925
2018/1/18,美洲,加拿大,多倫多,瓜地馬拉咖啡豆,35,525,18375
2018/1/18,美洲,美國,芝加哥,阿拉比卡咖啡豆,50,525,26250
2018/1/18,美洲,美國,紐約,保溫壺,33,750,24750
2018/1/18,亞洲,中國,廣州,重焙咖啡豆,37,750,27750
2018/1/19,亞洲,中國,北京,爪哇咖啡豆,33,675,22275
2018/1/20,亞洲,日本,大阪,手搖磨豆機,30,2250,67500
2018/1/20,美洲,加拿大,溫哥華,研磨咖啡機,16,3125,50000
2018/1/20,亞洲,日本,橫濱,哥倫比亞咖啡豆,41,525,21525
2018/1/21,美洲,加拿大,多倫多,義式咖啡機,74,6075,449550
2018/1/21,亞洲,日本,橫濱,手搖磨豆機,39,2250,87750
2018/1/22,美洲,美國,紐約,手搖磨豆機,55,2250,123750
2018/1/22,美洲,美國,芝加哥,巴西咖啡豆,39,675,26325
2018/1/22,美洲,加拿大,溫哥華,爪哇咖啡豆,31,675,20925
2018/1/22,亞洲,中國,廣州,巴西咖啡豆,31,675,20925
2018/1/23,亞洲,中國,上海,旅行咖啡機,51,2500,127500
2018/1/23,亞洲,日本,大阪,曼特寧咖啡豆,29,2450,71050
2018/1/23,亞洲,中國,北京,經典咖啡豆,66,675,44550
2018/1/24,亞洲,中國,上海,爪哇咖啡豆,47,675,31725
2018/1/24,亞洲,日本,大阪,瓜地馬拉咖啡豆,43,525,22575
2018/1/24,亞洲,日本,橫濱,曼特寧咖啡豆,49,2450,120050
2018/1/25,美洲,加拿大,多倫多,保溫壺,67,750,50250
2018/1/25,美洲,加拿大,溫哥華,哥倫比亞咖啡豆,57,525,29925
2018/1/25,亞洲,中國,北京,阿拉比卡咖啡豆,72,525,37800
2018/1/25,美洲,美國,紐約,重焙咖啡豆,35,750,26250
2018/1/25,亞洲,中國,廣州,旅行咖啡機,52,2500,130000
2018/1/26,美洲,美國,芝加哥,研磨咖啡機,69,3125,215625
2018/1/27,亞洲,中國,上海,經典咖啡豆,132,675,89100
2018/1/27,亞洲,日本,大阪,義式咖啡機,135,6075,820125
2018/1/27,美洲,加拿大,多倫多,藍山咖啡豆,124,875,108500
2018/1/28,美洲,加拿大,溫哥華,保溫壺,54,750,40500
2018/1/28,亞洲,中國,廣州,研磨咖啡機,107,3125,334375
2018/1/29,亞洲,中國,北京,電動磨豆機,69,3500,241500
2018/1/29,美洲,美國,芝加哥,瓜地馬拉咖啡豆,70,525,36750
2018/1/29,美洲,美國,紐約,阿拉比卡咖啡豆,107,525,56175
2018/1/29,亞洲,日本,橫濱,重焙咖啡豆,118,750,88500
2018/1/30,美洲,美國,芝加哥,義式咖啡機,67,6075,407025
2018/1/30,美洲,加拿大,溫哥華,手搖磨豆機,91,2250,204750
2018/1/31,亞洲,中國,上海,哥倫比亞咖啡豆,86,525,45150
2018/1/31,亞洲,中國,北京,曼特寧咖啡豆,93,2450,227850
2018/1/31,美洲,加拿大,多倫多,經典咖啡豆,56,675,37800
2018/1/31,美洲,美國,紐約,巴西咖啡豆,91,675,61425
2018/1/31,亞洲,中國,廣州,爪哇咖啡豆,30,675,20250
2018/1/31,亞洲,日本,橫濱,瓜地馬拉咖啡豆,54,525,28350
2018/2/1,亞洲,日本,大阪,旅行咖啡機,58,2500,145000
2018/2/3,亞洲,中國,廣州,經典咖啡豆,59,675,39825
2018/2/4,亞洲,日本,大阪,保溫壺,69,750,51750
2018/2/4,美洲,加拿大,多倫多,重焙咖啡豆,75,750,56250
2018/2/4,美洲,美國,紐約,旅行咖啡機,33,2500,82500
2018/2/4,美洲,加拿大,溫哥華,曼特寧咖啡豆,71,2450,173950
2018/2/4,亞洲,中國,上海,阿拉比卡咖啡豆,36,525,18900
2018/2/4,亞洲,中國,北京,研磨咖啡機,49,3125,153125
2018/2/5,美洲,美國,芝加哥,哥倫比亞咖啡豆,38,525,19950
2018/2/5,亞洲,日本,橫濱,義式咖啡機,61,6075,370575
2018/2/6,亞洲,中國,上海,電動磨豆機,23,3500,80500
2018/2/6,亞洲,中國,北京,電動磨豆機,36,3500,126000
2018/2/6,美洲,美國,芝加哥,巴西咖啡豆,47,675,31725
2018/2/6,美洲,美國,紐約,手搖磨豆機,43,2250,96750
2018/2/6,美洲,加拿大,溫哥華,爪哇咖啡豆,47,675,31725
2018/2/7,亞洲,日本,大阪,藍山咖啡豆,26,875,22750
2018/2/7,亞洲,中國,廣州,瓜地馬拉咖啡豆,39,525,20475
2018/2/7,美洲,加拿大,多倫多,藍山咖啡豆,54,875,47250
2018/2/7,亞洲,日本,橫濱,阿拉比卡咖啡豆,55,525,28875
2018/2/9,美洲,加拿大,多倫多,哥倫比亞咖啡豆,39,525,20475
2018/2/9,美洲,美國,芝加哥,旅行咖啡機,84,2500,210000
2018/2/9,亞洲,中國,廣州,爪哇咖啡豆,53,675,35775
2018/2/10,亞洲,日本,大阪,研磨咖啡機,70,3125,218750
2018/2/10,美洲,加拿大,溫哥華,手搖磨豆機,68,2250,153000
2018/2/10,亞洲,中國,上海,保溫壺,53,750,39750
2018/2/10,美洲,美國,紐約,巴西咖啡豆,72,675,48600
2018/2/10,亞洲,日本,橫濱,巴西咖啡豆,74,675,49950
2018/2/11,亞洲,中國,北京,重焙咖啡豆,72,750,54000
2018/2/12,亞洲,中國,上海,手搖磨豆機,65,2250,146250
2018/2/12,美洲,加拿大,多倫多,阿拉比卡咖啡豆,61,525,32025
2018/2/12,美洲,加拿大,溫哥華,重焙咖啡豆,37,750,27750
2018/2/12,亞洲,中國,廣州,哥倫比亞咖啡豆,61,525,32025
2018/2/12,亞洲,日本,橫濱,旅行咖啡機,61,2500,152500
2018/2/13,美洲,美國,芝加哥,保溫壺,30,750,22500
2018/2/13,亞洲,日本,大阪,爪哇咖啡豆,43,675,29025
2018/2/14,亞洲,中國,北京,瓜地馬拉咖啡豆,45,525,23625
2018/2/14,美洲,美國,紐約,研磨咖啡機,57,3125,178125
2018/2/15,亞洲,中國,上海,曼特寧咖啡豆,99,2450,242550
2018/2/15,亞洲,中國,廣州,保溫壺,86,750,64500
2018/2/16,美洲,美國,芝加哥,藍山咖啡豆,101,875,88375
2018/2/16,美洲,加拿大,溫哥華,阿拉比卡咖啡豆,53,525,27825
2018/2/16,亞洲,日本,橫濱,巴西咖啡豆,42,675,28350
2018/2/16,亞洲,中國,北京,義式咖啡機,86,6075,522450
2018/2/16,美洲,加拿大,多倫多,電動磨豆機,75,3500,262500
2018/2/17,亞洲,日本,大阪,經典咖啡豆,96,675,64800
2018/2/17,美洲,美國,紐約,瓜地馬拉咖啡豆,44,525,23100
2018/2/18,亞洲,中國,上海,手搖磨豆機,36,2250,81000
2018/2/18,美洲,加拿大,多倫多,手搖磨豆機,18,2250,40500
2018/2/19,美洲,美國,芝加哥,爪哇咖啡豆,64,675,43200
2018/2/19,亞洲,中國,廣州,保溫壺,36,750,27000
2018/2/19,美洲,美國,紐約,瓜地馬拉咖啡豆,19,525,9975
2018/2/19,美洲,加拿大,溫哥華,阿拉比卡咖啡豆,32,525,16800
2018/2/20,亞洲,日本,大阪,爪哇咖啡豆,34,675,22950
2018/2/20,亞洲,中國,北京,巴西咖啡豆,34,675,22950
2018/2/20,亞洲,日本,橫濱,研磨咖啡機,36,3125,112500
2018/2/22,亞洲,中國,上海,重焙咖啡豆,59,750,44250
2018/2/22,亞洲,中國,北京,旅行咖啡機,39,2500,97500
2018/2/22,美洲,美國,紐約,義式咖啡機,50,6075,303750
2018/2/22,亞洲,日本,橫濱,瓜地馬拉咖啡豆,38,525,19950
2018/2/23,亞洲,日本,大阪,哥倫比亞咖啡豆,29,525,15225
2018/2/23,美洲,加拿大,多倫多,曼特寧咖啡豆,71,2450,173950
2018/2/23,美洲,美國,芝加哥,經典咖啡豆,70,675,47250
2018/2/23,美洲,加拿大,溫哥華,電動磨豆機,32,3500,112000
2018/2/23,亞洲,中國,廣州,藍山咖啡豆,45,875,39375
2018/2/24,美洲,加拿大,溫哥華,曼特寧咖啡豆,52,2450,127400
2018/2/25,美洲,美國,芝加哥,哥倫比亞咖啡豆,64,525,33600
2018/2/25,亞洲,日本,橫濱,義式咖啡機,59,6075,358425
2018/2/25,亞洲,日本,大阪,保溫壺,38,750,28500
2018/2/25,亞洲,中國,北京,研磨咖啡機,44,3125,137500
2018/2/25,美洲,加拿大,多倫多,重焙咖啡豆,65,750,48750
2018/2/26,亞洲,中國,上海,阿拉比卡咖啡豆,55,525,28875
2018/2/26,美洲,美國,紐約,旅行咖啡機,62,2500,155000
2018/2/26,亞洲,中國,廣州,經典咖啡豆,37,675,24975
2018/2/27,美洲,美國,芝加哥,阿拉比卡咖啡豆,61,525,32025
2018/2/27,美洲,美國,紐約,保溫壺,100,750,75000
2018/2/28,亞洲,日本,大阪,手搖磨豆機,96,2250,216000
2018/2/28,美洲,加拿大,多倫多,瓜地馬拉咖啡豆,87,525,45675
2018/2/28,美洲,加拿大,溫哥華,研磨咖啡機,111,3125,346875
2018/2/28,亞洲,日本,橫濱,哥倫比亞咖啡豆,81,525,42525
2018/2/28,亞洲,中國,廣州,重焙咖啡豆,91,750,68250
2018/3/1,亞洲,中國,上海,巴西咖啡豆,94,675,63450
2018/3/1,亞洲,中國,北京,爪哇咖啡豆,55,675,37125
2018/3/3,亞洲,中國,上海,旅行咖啡機,30,2500,75000
2018/3/3,美洲,美國,紐約,爪哇咖啡豆,93,675,62775
2018/3/3,美洲,加拿大,溫哥華,巴西咖啡豆,43,675,29025
2018/3/3,亞洲,中國,北京,經典咖啡豆,72,675,48600
2018/3/3,美洲,加拿大,多倫多,巴西咖啡豆,54,675,36450
2018/3/3,亞洲,日本,橫濱,爪哇咖啡豆,20,675,13500
2018/3/3,亞洲,中國,北京,保溫壺,60,750,45000
2018/3/3,美洲,加拿大,多倫多,研磨咖啡機,33,3125,103125
2018/3/3,美洲,美國,紐約,哥倫比亞咖啡豆,32,525,16800
2018/3/4,亞洲,日本,大阪,曼特寧咖啡豆,24,2450,58800
2018/3/4,美洲,美國,芝加哥,手搖磨豆機,71,2250,159750
2018/3/4,亞洲,中國,廣州,手搖磨豆機,27,2250,60750
2018/3/4,亞洲,中國,上海,瓜地馬拉咖啡豆,69,525,36225
2018/3/4,亞洲,日本,大阪,阿拉比卡咖啡豆,46,525,24150
2018/3/4,美洲,加拿大,溫哥華,旅行咖啡機,42,2500,105000
2018/3/4,亞洲,中國,廣州,曼特寧咖啡豆,41,2450,100450
2018/3/5,美洲,美國,芝加哥,重焙咖啡豆,55,750,41250
2018/3/5,亞洲,日本,橫濱,經典咖啡豆,59,675,39825
2018/3/6,亞洲,中國,上海,義式咖啡機,55,6075,334125
2018/3/6,亞洲,日本,大阪,電動磨豆機,21,3500,73500
2018/3/7,美洲,美國,紐約,保溫壺,44,750,33000
2018/3/7,美洲,加拿大,溫哥華,研磨咖啡機,39,3125,121875
2018/3/7,美洲,美國,芝加哥,阿拉比卡咖啡豆,16,525,8400
2018/3/8,亞洲,中國,北京,藍山咖啡豆,46,875,40250
2018/3/8,美洲,加拿大,多倫多,瓜地馬拉咖啡豆,51,525,26775
2018/3/8,亞洲,中國,廣州,重焙咖啡豆,40,750,30000
2018/3/8,亞洲,日本,橫濱,哥倫比亞咖啡豆,48,525,25200
2018/3/9,亞洲,日本,大阪,曼特寧咖啡豆,44,2450,107800
2018/3/9,美洲,加拿大,多倫多,義式咖啡機,66,6075,400950
2018/3/9,美洲,美國,芝加哥,巴西咖啡豆,19,675,12825
2018/3/9,美洲,美國,紐約,手搖磨豆機,29,2250,65250
2018/3/9,美洲,加拿大,溫哥華,爪哇咖啡豆,34,675,22950
2018/3/9,亞洲,日本,橫濱,阿拉比卡咖啡豆,47,525,24675
2018/3/10,亞洲,中國,上海,旅行咖啡機,67,2500,167500
2018/3/10,亞洲,中國,廣州,瓜地馬拉咖啡豆,28,525,14700
2018/3/11,亞洲,中國,北京,經典咖啡豆,35,675,23625
2018/3/12,亞洲,日本,大阪,研磨咖啡機,43,3125,134375
2018/3/12,美洲,加拿大,溫哥華,經典咖啡豆,58,675,39150
2018/3/13,亞洲,中國,北京,重焙咖啡豆,36,750,27000
2018/3/13,美洲,加拿大,多倫多,哥倫比亞咖啡豆,43,525,22575
2018/3/13,美洲,美國,芝加哥,旅行咖啡機,36,2500,90000
2018/3/13,亞洲,日本,橫濱,電動磨豆機,65,3500,227500
2018/3/14,亞洲,中國,上海,保溫壺,30,750,22500
2018/3/14,美洲,美國,紐約,曼特寧咖啡豆,44,2450,107800
2018/3/14,亞洲,中國,廣州,義式咖啡機,35,6075,212625
2018/3/15,美洲,加拿大,多倫多,巴西咖啡豆,86,675,58050
2018/3/15,美洲,美國,芝加哥,手搖磨豆機,29,2250,65250
2018/3/15,美洲,加拿大,溫哥華,巴西咖啡豆,54,675,36450
2018/3/15,亞洲,中國,廣州,手搖磨豆機,66,2250,148500
2018/3/16,亞洲,日本,大阪,電動磨豆機,64,3500,224000
2018/3/16,美洲,美國,紐約,爪哇咖啡豆,105,675,70875
2018/3/16,亞洲,中國,上海,藍山咖啡豆,100,875,87500
2018/3/16,亞洲,日本,橫濱,爪哇咖啡豆,72,675,48600
2018/3/17,亞洲,中國,北京,藍山咖啡豆,80,875,70000
2018/3/18,亞洲,中國,上海,瓜地馬拉咖啡豆,16,525,8400
2018/3/18,美洲,美國,芝加哥,重焙咖啡豆,47,750,35250
2018/3/18,美洲,美國,紐約,哥倫比亞咖啡豆,42,525,22050
2018/3/18,亞洲,日本,橫濱,經典咖啡豆,36,675,24300
2018/3/19,亞洲,中國,北京,保溫壺,44,750,33000
2018/3/19,美洲,加拿大,溫哥華,旅行咖啡機,24,2500,60000
2018/3/19,亞洲,中國,廣州,曼特寧咖啡豆,26,2450,63700
2018/3/19,亞洲,日本,大阪,阿拉比卡咖啡豆,26,525,13650
2018/3/19,美洲,加拿大,多倫多,研磨咖啡機,39,3125,121875
2018/3/21,亞洲,日本,大阪,電動磨豆機,75,3500,262500
2018/3/21,美洲,加拿大,多倫多,瓜地馬拉咖啡豆,48,525,25200
2018/3/21,美洲,美國,芝加哥,阿拉比卡咖啡豆,40,525,21000
2018/3/22,亞洲,中國,北京,藍山咖啡豆,36,875,31500
2018/3/22,亞洲,中國,上海,義式咖啡機,59,6075,358425
2018/3/22,亞洲,中國,廣州,重焙咖啡豆,55,750,41250
2018/3/23,美洲,美國,紐約,保溫壺,60,750,45000
2018/3/23,美洲,加拿大,溫哥華,研磨咖啡機,68,3125,212500
2018/3/23,亞洲,日本,橫濱,哥倫比亞咖啡豆,29,525,15225
2018/3/24,美洲,加拿大,多倫多,義式咖啡機,74,6075,449550
2018/3/24,亞洲,日本,橫濱,阿拉比卡咖啡豆,42,525,22050
2018/3/25,美洲,美國,芝加哥,巴西咖啡豆,74,675,49950
2018/3/25,亞洲,中國,上海,旅行咖啡機,41,2500,102500
2018/3/25,亞洲,日本,大阪,曼特寧咖啡豆,30,2450,73500
2018/3/25,亞洲,中國,北京,經典咖啡豆,59,675,39825
2018/3/26,美洲,美國,紐約,手搖磨豆機,38,2250,85500
2018/3/26,美洲,加拿大,溫哥華,爪哇咖啡豆,67,675,45225
2018/3/26,亞洲,中國,廣州,瓜地馬拉咖啡豆,30,525,15750
2018/3/27,亞洲,中國,北京,重焙咖啡豆,105,750,78750
2018/3/27,美洲,加拿大,溫哥華,經典咖啡豆,63,675,42525
2018/3/28,亞洲,中國,上海,保溫壺,134,750,100500
2018/3/28,美洲,加拿大,多倫多,哥倫比亞咖啡豆,82,525,43050
2018/3/28,亞洲,中國,廣州,義式咖啡機,69,6075,419175
2018/3/28,亞洲,日本,橫濱,電動磨豆機,109,3500,381500
2018/3/28,亞洲,日本,大阪,研磨咖啡機,136,3125,425000
2018/3/28,美洲,美國,芝加哥,旅行咖啡機,60,2500,150000
2018/3/28,美洲,美國,紐約,曼特寧咖啡豆,84,2450,205800
2018/3/30,亞洲,中國,北京,藍山咖啡豆,22,875,19250
2018/3/30,美洲,加拿大,多倫多,巴西咖啡豆,51,675,34425
2018/3/30,亞洲,日本,橫濱,保溫壺,52,750,39000
2018/3/31,亞洲,日本,大阪,電動磨豆機,65,3500,227500
2018/3/31,亞洲,中國,廣州,阿拉比卡咖啡豆,86,525,45150
2018/3/31,美洲,美國,芝加哥,手搖磨豆機,98,2250,220500
2018/3/31,美洲,加拿大,溫哥華,瓜地馬拉咖啡豆,87,525,45675
2018/4/1,亞洲,中國,上海,藍山咖啡豆,54,875,47250
2018/4/1,美洲,美國,紐約,爪哇咖啡豆,80,675,54000
2018/4/3,美洲,美國,芝加哥,瓜地馬拉咖啡豆,39,525,20475
2018/4/3,美洲,美國,紐約,阿拉比卡咖啡豆,45,525,23625
2018/4/3,美洲,加拿大,溫哥華,保溫壺,49,750,36750
2018/4/4,亞洲,中國,廣州,研磨咖啡機,29,3125,90625
2018/4/4,亞洲,日本,橫濱,重焙咖啡豆,28,750,21000
2018/4/5,亞洲,中國,上海,爪哇咖啡豆,66,675,44550
2018/4/5,亞洲,日本,大阪,巴西咖啡豆,32,675,21600
2018/4/5,亞洲,中國,北京,手搖磨豆機,36,2250,81000
2018/4/5,美洲,加拿大,多倫多,爪哇咖啡豆,28,675,18900
2018/4/6,亞洲,中國,上海,哥倫比亞咖啡豆,42,525,22050
2018/4/6,亞洲,日本,大阪,旅行咖啡機,53,2500,132500
2018/4/6,亞洲,中國,北京,曼特寧咖啡豆,35,2450,85750
2018/4/7,美洲,美國,芝加哥,義式咖啡機,33,6075,200475
2018/4/8,美洲,加拿大,多倫多,經典咖啡豆,48,675,32400
2018/4/8,美洲,美國,紐約,電動磨豆機,29,3500,101500
2018/4/8,美洲,加拿大,溫哥華,藍山咖啡豆,25,875,21875
2018/4/8,亞洲,中國,廣州,瓜地馬拉咖啡豆,22,525,11550
2018/4/8,亞洲,日本,橫濱,阿拉比卡咖啡豆,51,525,26775
2018/4/9,亞洲,中國,北京,重焙咖啡豆,59,750,44250
2018/4/9,美洲,美國,芝加哥,旅行咖啡機,38,2500,95000
2018/4/10,亞洲,日本,大阪,研磨咖啡機,33,3125,103125
2018/4/10,美洲,加拿大,多倫多,哥倫比亞咖啡豆,71,525,37275
2018/4/10,亞洲,日本,橫濱,巴西咖啡豆,68,675,45900
2018/4/10,美洲,美國,紐約,曼特寧咖啡豆,32,2450,78400
2018/4/10,美洲,加拿大,溫哥華,經典咖啡豆,32,675,21600
2018/4/10,亞洲,中國,廣州,義式咖啡機,38,6075,230850
2018/4/11,亞洲,中國,上海,保溫壺,74,750,55500
2018/4/12,美洲,美國,芝加哥,保溫壺,44,750,33000
2018/4/12,美洲,加拿大,溫哥華,重焙咖啡豆,49,750,36750
2018/4/13,亞洲,中國,上海,手搖磨豆機,55,2250,123750
2018/4/13,亞洲,中國,北京,瓜地馬拉咖啡豆,29,525,15225
2018/4/13,美洲,加拿大,多倫多,阿拉比卡咖啡豆,64,525,33600
2018/4/13,美洲,美國,紐約,研磨咖啡機,51,3125,159375
2018/4/13,亞洲,日本,大阪,爪哇咖啡豆,44,675,29700
2018/4/13,亞洲,日本,橫濱,旅行咖啡機,60,2500,150000
2018/4/14,亞洲,中國,廣州,哥倫比亞咖啡豆,53,525,27825
2018/4/15,亞洲,中國,上海,曼特寧咖啡豆,83,2450,203350
2018/4/15,美洲,美國,紐約,電動磨豆機,80,3500,280000
2018/4/15,亞洲,日本,橫濱,手搖磨豆機,41,2250,92250
2018/4/16,亞洲,中國,北京,義式咖啡機,75,6075,455625
2018/4/16,美洲,美國,芝加哥,藍山咖啡豆,42,875,36750
2018/4/16,美洲,加拿大,溫哥華,藍山咖啡豆,38,875,33250
2018/4/16,亞洲,日本,大阪,經典咖啡豆,93,675,62775
2018/4/16,美洲,加拿大,多倫多,電動磨豆機,60,3500,210000
2018/4/16,亞洲,中國,廣州,巴西咖啡豆,93,675,62775
2018/4/18,美洲,加拿大,溫哥華,哥倫比亞咖啡豆,34,525,17850
2018/4/19,亞洲,中國,上海,爪哇咖啡豆,43,675,29025
2018/4/19,亞洲,中國,北京,阿拉比卡咖啡豆,41,525,21525
2018/4/19,美洲,美國,紐約,重焙咖啡豆,44,750,33000
2018/4/19,亞洲,中國,廣州,旅行咖啡機,43,2500,107500
2018/4/19,亞洲,日本,橫濱,曼特寧咖啡豆,27,2450,66150
2018/4/19,美洲,加拿大,多倫多,保溫壺,45,750,33750
2018/4/20,亞洲,日本,大阪,瓜地馬拉咖啡豆,30,525,15750
2018/4/20,美洲,美國,芝加哥,研磨咖啡機,71,3125,221875
2018/4/21,亞洲,日本,大阪,義式咖啡機,26,6075,157950
2018/4/21,亞洲,中國,廣州,爪哇咖啡豆,74,675,49950
2018/4/22,亞洲,中國,北京,巴西咖啡豆,60,675,40500
2018/4/22,美洲,美國,芝加哥,爪哇咖啡豆,72,675,48600
2018/4/22,亞洲,日本,橫濱,瓜地馬拉咖啡豆,39,525,20475
2018/4/22,美洲,美國,紐約,巴西咖啡豆,76,675,51300
2018/4/22,美洲,加拿大,溫哥華,手搖磨豆機,56,2250,126000
2018/4/23,亞洲,中國,上海,經典咖啡豆,43,675,29025
2018/4/23,美洲,加拿大,多倫多,手搖磨豆機,38,2250,85500
2018/4/24,美洲,加拿大,多倫多,重焙咖啡豆,48,750,36000
2018/4/25,亞洲,中國,北京,研磨咖啡機,33,3125,103125
2018/4/25,美洲,美國,芝加哥,哥倫比亞咖啡豆,43,525,22575
2018/4/26,亞洲,中國,上海,阿拉比卡咖啡豆,33,525,17325
2018/4/26,亞洲,日本,大阪,保溫壺,75,750,56250
2018/4/26,美洲,美國,紐約,旅行咖啡機,45,2500,112500
2018/4/26,美洲,加拿大,溫哥華,曼特寧咖啡豆,53,2450,129850
2018/4/26,亞洲,中國,廣州,經典咖啡豆,60,675,40500
2018/4/26,亞洲,日本,橫濱,義式咖啡機,58,6075,352350
2018/4/27,亞洲,中國,上海,電動磨豆機,113,3500,395500
2018/4/27,亞洲,日本,大阪,藍山咖啡豆,42,875,36750
2018/4/27,亞洲,中國,北京,瓜地馬拉咖啡豆,55,525,28875
2018/4/27,美洲,美國,紐約,研磨咖啡機,47,3125,146875
2018/4/27,亞洲,日本,橫濱,旅行咖啡機,107,2500,267500
2018/4/28,美洲,加拿大,溫哥華,重焙咖啡豆,37,750,27750
2018/4/28,美洲,美國,芝加哥,保溫壺,32,750,24000
2018/4/28,亞洲,中國,廣州,哥倫比亞咖啡豆,104,525,54600
2018/4/29,美洲,加拿大,多倫多,阿拉比卡咖啡豆,80,525,42000
2018/4/30,美洲,加拿大,多倫多,巴西咖啡豆,92,675,62100
2018/5/1,亞洲,中國,上海,曼特寧咖啡豆,44,2450,107800
2018/5/1,美洲,美國,芝加哥,手搖磨豆機,121,2250,272250
2018/5/1,美洲,加拿大,溫哥華,瓜地馬拉咖啡豆,41,525,21525
2018/5/1,亞洲,中國,廣州,阿拉比卡咖啡豆,79,525,41475
2018/5/2,亞洲,日本,大阪,經典咖啡豆,83,675,56025
2018/5/2,亞洲,中國,北京,義式咖啡機,19,6075,115425
2018/5/2,美洲,美國,紐約,爪哇咖啡豆,26,675,17550
2018/5/2,亞洲,日本,橫濱,保溫壺,20,750,15000
2018/5/3,亞洲,中國,北京,哥倫比亞咖啡豆,69,525,36225
2018/5/3,亞洲,日本,橫濱,藍山咖啡豆,57,875,49875
2018/5/4,亞洲,中國,上海,研磨咖啡機,49,3125,153125
2018/5/4,美洲,加拿大,多倫多,旅行咖啡機,38,2500,95000
2018/5/4,美洲,美國,芝加哥,曼特寧咖啡豆,32,2450,78400
2018/5/4,美洲,美國,紐約,經典咖啡豆,52,675,35100
2018/5/4,美洲,加拿大,溫哥華,義式咖啡機,41,6075,249075
2018/5/4,亞洲,中國,廣州,電動磨豆機,41,3500,143500
2018/5/5,亞洲,日本,大阪,重焙咖啡豆,63,750,47250
2018/5/7,亞洲,中國,北京,巴西咖啡豆,30,675,20250
2018/5/7,美洲,美國,紐約,瓜地馬拉咖啡豆,50,525,26250
2018/5/7,亞洲,日本,橫濱,研磨咖啡機,54,3125,168750
2018/5/7,美洲,加拿大,多倫多,手搖磨豆機,29,2250,65250
2018/5/7,亞洲,中國,廣州,保溫壺,45,750,33750
2018/5/8,亞洲,中國,上海,電動磨豆機,52,3500,182000
2018/5/8,亞洲,日本,大阪,藍山咖啡豆,53,875,46375
2018/5/8,美洲,美國,芝加哥,爪哇咖啡豆,35,675,23625
2018/5/8,美洲,加拿大,溫哥華,阿拉比卡咖啡豆,25,525,13125
2018/5/9,美洲,加拿大,溫哥華,巴西咖啡豆,33,675,22275
2018/5/9,亞洲,日本,橫濱,爪哇咖啡豆,40,675,27000
2018/5/10,美洲,加拿大,多倫多,巴西咖啡豆,58,675,39150
2018/5/10,美洲,美國,芝加哥,手搖磨豆機,38,2250,85500
2018/5/10,美洲,美國,紐約,爪哇咖啡豆,50,675,33750
2018/5/10,亞洲,中國,廣州,手搖磨豆機,63,2250,141750
2018/5/10,亞洲,中國,上海,重焙咖啡豆,66,750,49500
2018/5/10,亞洲,日本,大阪,哥倫比亞咖啡豆,65,525,34125
2018/5/11,亞洲,中國,北京,旅行咖啡機,29,2500,72500
2018/5/12,亞洲,中國,上海,瓜地馬拉咖啡豆,59,525,30975
2018/5/12,美洲,加拿大,多倫多,研磨咖啡機,47,3125,146875
2018/5/12,美洲,美國,芝加哥,重焙咖啡豆,38,750,28500
2018/5/12,美洲,加拿大,溫哥華,旅行咖啡機,64,2500,160000
2018/5/13,美洲,美國,紐約,哥倫比亞咖啡豆,59,525,30975
2018/5/13,亞洲,中國,廣州,曼特寧咖啡豆,44,2450,107800
2018/5/13,亞洲,中國,北京,保溫壺,33,750,24750
2018/5/13,亞洲,日本,橫濱,經典咖啡豆,27,675,18225
2018/5/14,亞洲,日本,大阪,阿拉比卡咖啡豆,36,525,18900
2018/5/15,亞洲,中國,廣州,手搖磨豆機,83,2250,186750
2018/5/16,亞洲,中國,北京,藍山咖啡豆,69,875,60375
2018/5/16,美洲,美國,芝加哥,阿拉比卡咖啡豆,76,525,39900
2018/5/16,亞洲,中國,上海,義式咖啡機,59,6075,358425
2018/5/16,亞洲,日本,橫濱,爪哇咖啡豆,54,675,36450
2018/5/17,亞洲,日本,大阪,電動磨豆機,76,3500,266000
2018/5/17,美洲,加拿大,多倫多,瓜地馬拉咖啡豆,48,525,25200
2018/5/17,美洲,美國,紐約,保溫壺,37,750,27750
2018/5/17,美洲,加拿大,溫哥華,巴西咖啡豆,78,675,52650
2018/5/18,亞洲,中國,上海,巴西咖啡豆,24,675,16200
2018/5/18,亞洲,日本,大阪,手搖磨豆機,18,2250,40500
2018/5/18,亞洲,中國,北京,爪哇咖啡豆,21,675,14175
2018/5/18,美洲,美國,紐約,保溫壺,29,750,21750
2018/5/18,美洲,加拿大,溫哥華,研磨咖啡機,25,3125,78125
2018/5/18,亞洲,日本,橫濱,哥倫比亞咖啡豆,42,525,22050
2018/5/19,美洲,加拿大,多倫多,瓜地馬拉咖啡豆,35,525,18375
2018/5/19,亞洲,中國,廣州,重焙咖啡豆,31,750,23250
2018/5/19,美洲,美國,芝加哥,阿拉比卡咖啡豆,27,525,14175
2018/5/21,亞洲,中國,上海,旅行咖啡機,68,2500,170000
2018/5/21,亞洲,中國,北京,經典咖啡豆,40,675,27000
2018/5/22,美洲,美國,紐約,藍山咖啡豆,58,875,50750
2018/5/22,亞洲,中國,廣州,阿拉比卡咖啡豆,60,525,31500
2018/5/22,亞洲,日本,橫濱,保溫壺,71,750,53250
2018/5/22,亞洲,日本,大阪,曼特寧咖啡豆,53,2450,129850
2018/5/22,美洲,加拿大,多倫多,義式咖啡機,71,6075,431325
2018/5/23,美洲,美國,芝加哥,電動磨豆機,45,3500,157500
2018/5/23,美洲,加拿大,溫哥華,瓜地馬拉咖啡豆,72,525,37800
2018/5/24,亞洲,中國,北京,哥倫比亞咖啡豆,51,525,26775
2018/5/25,美洲,加拿大,多倫多,旅行咖啡機,53,2500,132500
2018/5/25,美洲,美國,芝加哥,曼特寧咖啡豆,57,2450,139650
2018/5/25,美洲,美國,紐約,經典咖啡豆,30,675,20250
2018/5/25,亞洲,中國,廣州,巴西咖啡豆,26,675,17550
2018/5/25,亞洲,日本,大阪,重焙咖啡豆,56,750,42000
2018/5/25,亞洲,日本,橫濱,手搖磨豆機,40,2250,90000
2018/5/26,亞洲,中國,上海,研磨咖啡機,53,3125,165625
2018/5/26,美洲,加拿大,溫哥華,義式咖啡機,65,6075,394875
2018/5/27,亞洲,中國,上海,爪哇咖啡豆,80,675,54000
2018/5/27,美洲,加拿大,多倫多,保溫壺,94,750,70500
2018/5/27,美洲,美國,紐約,重焙咖啡豆,69,750,51750
2018/5/28,亞洲,日本,大阪,瓜地馬拉咖啡豆,112,525,58800
2018/5/28,美洲,加拿大,溫哥華,哥倫比亞咖啡豆,56,525,29400
2018/5/29,亞洲,中國,北京,阿拉比卡咖啡豆,66,525,34650
2018/5/29,美洲,美國,芝加哥,研磨咖啡機,42,3125,131250
2018/5/29,亞洲,中國,廣州,旅行咖啡機,48,2500,120000
2018/5/29,亞洲,日本,橫濱,曼特寧咖啡豆,114,2450,279300
2018/5/30,美洲,加拿大,溫哥華,爪哇咖啡豆,79,675,53325
2018/5/31,亞洲,日本,大阪,巴西咖啡豆,58,675,39150
2018/5/31,亞洲,日本,橫濱,阿拉比卡咖啡豆,18,525,9450
2018/5/31,亞洲,中國,上海,經典咖啡豆,85,675,57375
2018/5/31,美洲,美國,芝加哥,巴西咖啡豆,106,675,71550
2018/5/31,亞洲,中國,廣州,瓜地馬拉咖啡豆,95,525,49875
2018/6/1,亞洲,中國,北京,手搖磨豆機,25,2250,56250
2018/6/1,美洲,加拿大,多倫多,爪哇咖啡豆,39,675,26325
2018/6/1,美洲,美國,紐約,手搖磨豆機,61,2250,137250
2018/6/3,亞洲,中國,上海,保溫壺,44,750,33000
2018/6/3,亞洲,日本,大阪,研磨咖啡機,39,3125,121875
2018/6/3,美洲,美國,芝加哥,旅行咖啡機,48,2500,120000
2018/6/3,亞洲,中國,廣州,義式咖啡機,44,6075,267300
2018/6/4,美洲,加拿大,溫哥華,經典咖啡豆,32,675,21600
2018/6/5,亞洲,中國,北京,重焙咖啡豆,73,750,54750
2018/6/5,美洲,加拿大,多倫多,哥倫比亞咖啡豆,59,525,30975
2018/6/5,美洲,美國,紐約,曼特寧咖啡豆,73,2450,178850
2018/6/5,亞洲,日本,橫濱,電動磨豆機,50,3500,175000
2018/6/6,亞洲,中國,上海,藍山咖啡豆,17,875,14875
2018/6/6,亞洲,日本,大阪,瓜地馬拉咖啡豆,26,525,13650
2018/6/6,美洲,美國,芝加哥,研磨咖啡機,23,3125,71875
2018/6/6,亞洲,中國,廣州,旅行咖啡機,51,2500,127500
2018/6/6,亞洲,日本,橫濱,曼特寧咖啡豆,28,2450,68600
2018/6/7,亞洲,中國,北京,阿拉比卡咖啡豆,56,525,29400
2018/6/7,美洲,加拿大,多倫多,保溫壺,47,750,35250
2018/6/7,美洲,美國,紐約,重焙咖啡豆,32,750,24000
2018/6/8,美洲,加拿大,溫哥華,哥倫比亞咖啡豆,48,525,25200
2018/6/9,美洲,美國,紐約,瓜地馬拉咖啡豆,34,525,17850
2018/6/10,亞洲,日本,大阪,義式咖啡機,62,6075,376650
2018/6/10,亞洲,中國,北京,巴西咖啡豆,72,675,48600
2018/6/10,美洲,美國,芝加哥,爪哇咖啡豆,30,675,20250
2018/6/10,亞洲,中國,廣州,保溫壺,32,750,24000
2018/6/10,亞洲,日本,橫濱,研磨咖啡機,50,3125,156250
2018/6/10,亞洲,中國,上海,經典咖啡豆,62,675,41850
2018/6/10,美洲,加拿大,多倫多,手搖磨豆機,51,2250,114750
2018/6/10,美洲,加拿大,溫哥華,阿拉比卡咖啡豆,31,525,16275
2018/6/12,亞洲,中國,上海,重焙咖啡豆,51,750,38250
2018/6/12,亞洲,日本,大阪,哥倫比亞咖啡豆,31,525,16275
2018/6/12,亞洲,日本,橫濱,電動磨豆機,60,3500,210000
2018/6/13,美洲,美國,紐約,義式咖啡機,59,6075,358425
2018/6/13,亞洲,中國,廣州,藍山咖啡豆,60,875,52500
2018/6/13,亞洲,中國,北京,旅行咖啡機,40,2500,100000
2018/6/13,美洲,加拿大,多倫多,曼特寧咖啡豆,65,2450,159250
2018/6/13,美洲,美國,芝加哥,經典咖啡豆,38,675,25650
2018/6/13,美洲,加拿大,溫哥華,電動磨豆機,34,3500,119000
2018/6/16,亞洲,中國,上海,藍山咖啡豆,35,875,30625
2018/6/16,美洲,加拿大,溫哥華,爪哇咖啡豆,59,675,39825
2018/6/16,亞洲,中國,廣州,瓜地馬拉咖啡豆,60,525,31500
2018/6/16,亞洲,日本,橫濱,阿拉比卡咖啡豆,95,525,49875
2018/6/16,亞洲,中國,北京,手搖磨豆機,30,2250,67500
2018/6/16,美洲,美國,紐約,手搖磨豆機,78,2250,175500
2018/6/17,亞洲,日本,大阪,巴西咖啡豆,88,675,59400
2018/6/17,美洲,加拿大,多倫多,爪哇咖啡豆,40,675,27000
2018/6/17,美洲,美國,芝加哥,巴西咖啡豆,87,675,58725
2018/6/18,亞洲,中國,上海,保溫壺,37,750,27750
2018/6/18,亞洲,日本,大阪,研磨咖啡機,43,3125,134375
2018/6/18,亞洲,中國,北京,重焙咖啡豆,43,750,32250
2018/6/18,美洲,美國,芝加哥,旅行咖啡機,63,2500,157500
2018/6/18,亞洲,日本,橫濱,電動磨豆機,38,3500,133000
2018/6/19,美洲,美國,紐約,曼特寧咖啡豆,45,2450,110250
2018/6/19,美洲,加拿大,溫哥華,經典咖啡豆,22,675,14850
2018/6/19,美洲,加拿大,多倫多,哥倫比亞咖啡豆,43,525,22575
2018/6/19,亞洲,中國,廣州,義式咖啡機,21,6075,127575
2018/6/21,亞洲,中國,上海,藍山咖啡豆,63,875,55125
2018/6/21,亞洲,日本,大阪,瓜地馬拉咖啡豆,62,525,32550
2018/6/21,亞洲,中國,北京,阿拉比卡咖啡豆,38,525,19950
2018/6/22,美洲,美國,紐約,重焙咖啡豆,74,750,55500
2018/6/22,美洲,加拿大,溫哥華,哥倫比亞咖啡豆,34,525,17850
2018/6/22,亞洲,中國,廣州,旅行咖啡機,75,2500,187500
2018/6/22,美洲,美國,芝加哥,研磨咖啡機,68,3125,212500
2018/6/23,美洲,加拿大,多倫多,保溫壺,58,750,43500
2018/6/23,亞洲,日本,橫濱,曼特寧咖啡豆,29,2450,71050
2018/6/24,亞洲,中國,上海,經典咖啡豆,65,675,43875
2018/6/24,亞洲,日本,大阪,義式咖啡機,42,6075,255150
2018/6/24,美洲,加拿大,多倫多,手搖磨豆機,46,2250,103500
2018/6/24,美洲,加拿大,溫哥華,阿拉比卡咖啡豆,67,525,35175
2018/6/24,亞洲,日本,橫濱,巴西咖啡豆,45,675,30375
2018/6/25,亞洲,中國,北京,巴西咖啡豆,55,675,37125
2018/6/25,美洲,美國,芝加哥,爪哇咖啡豆,51,675,34425
2018/6/25,亞洲,中國,廣州,爪哇咖啡豆,68,675,45900
2018/6/26,美洲,美國,紐約,瓜地馬拉咖啡豆,71,525,37275
2018/6/27,美洲,美國,芝加哥,保溫壺,64,750,48000
2018/6/27,美洲,加拿大,溫哥華,重焙咖啡豆,117,750,87750
2018/6/27,亞洲,中國,廣州,哥倫比亞咖啡豆,111,525,58275
2018/6/28,亞洲,中國,上海,手搖磨豆機,84,2250,189000
2018/6/28,亞洲,日本,橫濱,旅行咖啡機,76,2500,190000
2018/6/29,亞洲,日本,大阪,爪哇咖啡豆,52,675,35100
2018/6/29,亞洲,中國,北京,瓜地馬拉咖啡豆,118,525,61950
2018/6/29,美洲,加拿大,多倫多,阿拉比卡咖啡豆,89,525,46725
2018/6/29,美洲,美國,紐約,研磨咖啡機,93,3125,290625
2018/6/30,美洲,加拿大,多倫多,電動磨豆機,48,3500,168000
2018/6/30,美洲,美國,芝加哥,藍山咖啡豆,135,875,118125
2018/6/30,亞洲,中國,廣州,保溫壺,89,750,66750
2018/6/30,亞洲,日本,橫濱,研磨咖啡機,28,3125,87500
2018/7/1,亞洲,中國,北京,義式咖啡機,50,6075,303750
2018/7/1,亞洲,中國,上海,曼特寧咖啡豆,45,2450,110250
2018/7/1,美洲,加拿大,溫哥華,阿拉比卡咖啡豆,55,525,28875
2018/7/2,亞洲,日本,大阪,經典咖啡豆,29,675,19575
2018/7/2,美洲,美國,紐約,瓜地馬拉咖啡豆,55,525,28875
2018/7/3,亞洲,中國,北京,旅行咖啡機,55,2500,137500
2018/7/4,亞洲,日本,大阪,哥倫比亞咖啡豆,28,525,14700
2018/7/4,美洲,加拿大,多倫多,曼特寧咖啡豆,35,2450,85750
2018/7/4,美洲,加拿大,溫哥華,巴西咖啡豆,60,675,40500
2018/7/4,亞洲,中國,廣州,手搖磨豆機,50,2250,112500
2018/7/4,亞洲,日本,橫濱,爪哇咖啡豆,33,675,22275
2018/7/4,亞洲,中國,上海,重焙咖啡豆,34,750,25500
2018/7/5,美洲,美國,芝加哥,經典咖啡豆,39,675,26325
2018/7/5,美洲,美國,紐約,義式咖啡機,42,6075,255150
2018/7/7,亞洲,日本,大阪,阿拉比卡咖啡豆,32,525,16800
2018/7/7,亞洲,中國,北京,保溫壺,42,750,31500
2018/7/7,美洲,美國,芝加哥,重焙咖啡豆,36,750,27000
2018/7/7,美洲,美國,紐約,哥倫比亞咖啡豆,34,525,17850
2018/7/7,亞洲,中國,廣州,曼特寧咖啡豆,28,2450,68600
2018/7/7,亞洲,日本,橫濱,經典咖啡豆,49,675,33075
2018/7/7,美洲,加拿大,多倫多,研磨咖啡機,19,3125,59375
2018/7/7,美洲,加拿大,溫哥華,旅行咖啡機,53,2500,132500
2018/7/8,亞洲,中國,上海,瓜地馬拉咖啡豆,40,525,21000
2018/7/9,亞洲,中國,上海,義式咖啡機,42,6075,255150
2018/7/9,美洲,加拿大,溫哥華,手搖磨豆機,42,2250,94500
2018/7/10,亞洲,中國,北京,藍山咖啡豆,36,875,31500
2018/7/10,美洲,美國,芝加哥,藍山咖啡豆,69,875,60375
2018/7/10,亞洲,中國,廣州,爪哇咖啡豆,30,675,20250
2018/7/10,亞洲,日本,大阪,電動磨豆機,27,3500,94500
2018/7/10,美洲,美國,紐約,巴西咖啡豆,39,675,26325
2018/7/10,亞洲,日本,橫濱,瓜地馬拉咖啡豆,28,525,14700
2018/7/11,美洲,加拿大,多倫多,電動磨豆機,75,3500,262500
2018/7/12,亞洲,日本,大阪,保溫壺,50,750,37500
2018/7/12,亞洲,中國,北京,研磨咖啡機,31,3125,96875
2018/7/12,亞洲,中國,廣州,經典咖啡豆,36,675,24300
2018/7/13,美洲,美國,芝加哥,哥倫比亞咖啡豆,19,525,9975
2018/7/13,亞洲,日本,橫濱,義式咖啡機,57,6075,346275
2018/7/13,美洲,加拿大,多倫多,重焙咖啡豆,63,750,47250
2018/7/14,亞洲,中國,上海,阿拉比卡咖啡豆,30,525,15750
2018/7/14,美洲,美國,紐約,旅行咖啡機,44,2500,110000
2018/7/14,美洲,加拿大,溫哥華,曼特寧咖啡豆,38,2450,93100
2018/7/15,亞洲,中國,上海,巴西咖啡豆,38,675,25650
2018/7/15,美洲,加拿大,溫哥華,瓜地馬拉咖啡豆,47,525,24675
2018/7/16,亞洲,日本,大阪,手搖磨豆機,64,2250,144000
2018/7/16,亞洲,中國,北京,爪哇咖啡豆,88,675,59400
2018/7/16,亞洲,中國,廣州,阿拉比卡咖啡豆,86,525,45150
2018/7/17,美洲,加拿大,多倫多,巴西咖啡豆,93,675,62775
2018/7/17,美洲,美國,芝加哥,手搖磨豆機,83,2250,186750
2018/7/17,美洲,美國,紐約,爪哇咖啡豆,51,675,34425
2018/7/17,亞洲,日本,橫濱,保溫壺,104,750,78000
2018/7/18,美洲,加拿大,多倫多,旅行咖啡機,43,2500,107500
2018/7/18,美洲,美國,紐約,經典咖啡豆,19,675,12825
2018/7/18,亞洲,中國,廣州,電動磨豆機,28,3500,98000
2018/7/19,亞洲,日本,橫濱,藍山咖啡豆,44,875,38500
2018/7/20,亞洲,中國,上海,研磨咖啡機,42,3125,131250
2018/7/20,亞洲,日本,大阪,重焙咖啡豆,35,750,26250
2018/7/20,亞洲,中國,北京,哥倫比亞咖啡豆,34,525,17850
2018/7/20,美洲,美國,芝加哥,曼特寧咖啡豆,75,2450,183750
2018/7/20,美洲,加拿大,溫哥華,義式咖啡機,45,6075,273375
2018/7/21,美洲,美國,芝加哥,重焙咖啡豆,58,750,43500
2018/7/22,亞洲,中國,廣州,曼特寧咖啡豆,62,2450,151900
2018/7/22,亞洲,日本,橫濱,經典咖啡豆,55,675,37125
2018/7/22,亞洲,日本,大阪,阿拉比卡咖啡豆,37,525,19425
2018/7/22,亞洲,中國,北京,保溫壺,49,750,36750
2018/7/23,亞洲,中國,上海,瓜地馬拉咖啡豆,53,525,27825
2018/7/23,美洲,加拿大,多倫多,研磨咖啡機,38,3125,118750
2018/7/23,美洲,美國,紐約,哥倫比亞咖啡豆,30,525,15750
2018/7/23,美洲,加拿大,溫哥華,旅行咖啡機,39,2500,97500
2018/7/25,美洲,美國,芝加哥,瓜地馬拉咖啡豆,65,525,34125
2018/7/25,美洲,加拿大,溫哥華,保溫壺,35,750,26250
2018/7/25,亞洲,中國,廣州,研磨咖啡機,54,3125,168750
2018/7/25,亞洲,中國,上海,義式咖啡機,44,6075,267300
2018/7/25,亞洲,中國,北京,手搖磨豆機,68,2250,153000
2018/7/25,亞洲,日本,橫濱,重焙咖啡豆,51,750,38250
2018/7/26,亞洲,日本,大阪,巴西咖啡豆,38,675,25650
2018/7/26,美洲,加拿大,多倫多,爪哇咖啡豆,56,675,37800
2018/7/26,美洲,美國,紐約,阿拉比卡咖啡豆,53,525,27825
2018/7/27,美洲,加拿大,多倫多,經典咖啡豆,93,675,62775
2018/7/27,美洲,美國,芝加哥,義式咖啡機,73,6075,443475
2018/7/27,美洲,美國,紐約,電動磨豆機,61,3500,213500
2018/7/28,亞洲,日本,大阪,旅行咖啡機,116,2500,290000
2018/7/28,亞洲,中國,北京,曼特寧咖啡豆,45,2450,110250
2018/7/28,美洲,加拿大,溫哥華,藍山咖啡豆,64,875,56000
2018/7/28,亞洲,日本,橫濱,藍山咖啡豆,98,875,85750
2018/7/29,亞洲,中國,上海,哥倫比亞咖啡豆,36,525,18900
2018/7/29,亞洲,中國,廣州,電動磨豆機,104,3500,364000
2018/7/30,美洲,加拿大,多倫多,瓜地馬拉咖啡豆,22,525,11550
2018/7/30,美洲,美國,紐約,保溫壺,24,750,18000
2018/7/31,亞洲,中國,北京,爪哇咖啡豆,92,675,62100
2018/7/31,美洲,加拿大,溫哥華,研磨咖啡機,92,3125,287500
2018/7/31,亞洲,中國,廣州,重焙咖啡豆,51,750,38250
2018/8/1,亞洲,中國,上海,巴西咖啡豆,60,675,40500
2018/8/1,亞洲,日本,大阪,手搖磨豆機,45,2250,101250
2018/8/1,美洲,美國,芝加哥,阿拉比卡咖啡豆,49,525,25725
2018/8/1,亞洲,日本,橫濱,哥倫比亞咖啡豆,90,525,47250
2018/8/3,亞洲,日本,大阪,巴西咖啡豆,72,675,48600
2018/8/3,美洲,美國,芝加哥,巴西咖啡豆,48,675,32400
2018/8/3,美洲,美國,紐約,手搖磨豆機,68,2250,153000
2018/8/4,亞洲,中國,北京,手搖磨豆機,60,2250,135000
2018/8/4,美洲,加拿大,多倫多,爪哇咖啡豆,42,675,28350
2018/8/4,美洲,加拿大,溫哥華,爪哇咖啡豆,64,675,43200
2018/8/4,亞洲,中國,廣州,瓜地馬拉咖啡豆,41,525,21525
2018/8/4,亞洲,日本,橫濱,阿拉比卡咖啡豆,48,525,25200
2018/8/5,亞洲,中國,上海,旅行咖啡機,55,2500,137500
2018/8/6,美洲,加拿大,多倫多,哥倫比亞咖啡豆,53,525,27825
2018/8/6,美洲,美國,芝加哥,旅行咖啡機,46,2500,115000
2018/8/7,亞洲,中國,上海,保溫壺,42,750,31500
2018/8/7,亞洲,中國,北京,重焙咖啡豆,17,750,12750
2018/8/7,美洲,美國,紐約,曼特寧咖啡豆,17,2450,41650
2018/8/7,亞洲,中國,廣州,義式咖啡機,24,6075,145800
2018/8/8,亞洲,日本,大阪,研磨咖啡機,47,3125,146875
2018/8/8,美洲,加拿大,溫哥華,經典咖啡豆,36,675,24300
2018/8/8,亞洲,日本,橫濱,電動磨豆機,46,3500,161000
2018/8/9,亞洲,中國,北京,阿拉比卡咖啡豆,64,525,33600
2018/8/9,亞洲,日本,橫濱,手搖磨豆機,60,2250,135000
2018/8/10,亞洲,中國,上海,藍山咖啡豆,47,875,41125
2018/8/10,美洲,美國,芝加哥,巴西咖啡豆,32,675,21600
2018/8/10,美洲,加拿大,溫哥華,爪哇咖啡豆,30,675,20250
2018/8/10,亞洲,中國,廣州,巴西咖啡豆,27,675,18225
2018/8/11,亞洲,日本,大阪,瓜地馬拉咖啡豆,38,525,19950
2018/8/11,美洲,加拿大,多倫多,保溫壺,71,750,53250
2018/8/11,美洲,美國,紐約,手搖磨豆機,53,2250,119250
2018/8/12,亞洲,日本,大阪,瓜地馬拉咖啡豆,47,525,24675
2018/8/13,美洲,加拿大,多倫多,保溫壺,28,750,21000
2018/8/13,亞洲,中國,上海,爪哇咖啡豆,36,675,24300
2018/8/13,亞洲,中國,廣州,旅行咖啡機,59,2500,147500
2018/8/13,亞洲,日本,橫濱,曼特寧咖啡豆,49,2450,120050
2018/8/14,亞洲,中國,北京,阿拉比卡咖啡豆,57,525,29925
2018/8/14,美洲,美國,芝加哥,研磨咖啡機,32,3125,100000
2018/8/14,美洲,美國,紐約,重焙咖啡豆,34,750,25500
2018/8/14,美洲,加拿大,溫哥華,哥倫比亞咖啡豆,27,525,14175
2018/8/15,亞洲,中國,上海,經典咖啡豆,48,675,32400
2018/8/15,美洲,美國,芝加哥,瓜地馬拉咖啡豆,74,525,38850
2018/8/16,美洲,美國,紐約,阿拉比卡咖啡豆,75,525,39375
2018/8/16,美洲,加拿大,溫哥華,保溫壺,98,750,73500
2018/8/16,美洲,加拿大,多倫多,藍山咖啡豆,97,875,84875
2018/8/16,亞洲,中國,廣州,研磨咖啡機,34,3125,106250
2018/8/16,亞洲,日本,橫濱,重焙咖啡豆,37,750,27750
2018/8/17,亞洲,日本,大阪,義式咖啡機,42,6075,255150
2018/8/17,亞洲,中國,北京,電動磨豆機,34,3500,119000
2018/8/18,亞洲,中國,廣州,爪哇咖啡豆,35,675,23625
2018/8/18,亞洲,日本,橫濱,瓜地馬拉咖啡豆,37,525,19425
2018/8/19,亞洲,中國,北京,曼特寧咖啡豆,22,2450,53900
2018/8/19,美洲,加拿大,多倫多,經典咖啡豆,34,675,22950
2018/8/19,美洲,加拿大,溫哥華,手搖磨豆機,31,2250,69750
2018/8/19,亞洲,中國,上海,哥倫比亞咖啡豆,33,525,17325
2018/8/19,亞洲,日本,大阪,旅行咖啡機,40,2500,100000
2018/8/19,美洲,美國,芝加哥,義式咖啡機,35,6075,212625
2018/8/20,美洲,美國,紐約,巴西咖啡豆,26,675,17550
2018/8/21,亞洲,中國,上海,阿拉比卡咖啡豆,56,525,29400
2018/8/21,亞洲,中國,北京,研磨咖啡機,59,3125,184375
2018/8/21,美洲,加拿大,多倫多,重焙咖啡豆,28,750,21000
2018/8/21,美洲,美國,芝加哥,哥倫比亞咖啡豆,45,525,23625
2018/8/21,美洲,加拿大,溫哥華,曼特寧咖啡豆,69,2450,169050
2018/8/22,亞洲,日本,大阪,保溫壺,47,750,35250
2018/8/22,美洲,美國,紐約,旅行咖啡機,30,2500,75000
2018/8/22,亞洲,中國,廣州,經典咖啡豆,36,675,24300
2018/8/22,亞洲,日本,橫濱,巴西咖啡豆,29,675,19575
2018/8/25,亞洲,中國,上海,手搖磨豆機,46,2250,103500
2018/8/25,亞洲,日本,大阪,爪哇咖啡豆,66,675,44550
2018/8/25,亞洲,中國,北京,巴西咖啡豆,70,675,47250
2018/8/25,美洲,加拿大,溫哥華,阿拉比卡咖啡豆,34,525,17850
2018/8/25,美洲,加拿大,多倫多,手搖磨豆機,29,2250,65250
2018/8/25,美洲,美國,芝加哥,爪哇咖啡豆,71,675,47925
2018/8/25,美洲,美國,紐約,瓜地馬拉咖啡豆,37,525,19425
2018/8/25,亞洲,中國,廣州,保溫壺,32,750,24000
2018/8/25,亞洲,日本,橫濱,研磨咖啡機,49,3125,153125
2018/8/27,亞洲,中國,上海,重焙咖啡豆,64,750,48000
2018/8/27,美洲,美國,芝加哥,經典咖啡豆,56,675,37800
2018/8/27,亞洲,日本,橫濱,瓜地馬拉咖啡豆,49,525,25725
2018/8/28,亞洲,日本,大阪,哥倫比亞咖啡豆,51,525,26775
2018/8/28,美洲,美國,紐約,義式咖啡機,45,6075,273375
2018/8/28,亞洲,中國,北京,旅行咖啡機,113,2500,282500
2018/8/28,美洲,加拿大,溫哥華,電動磨豆機,67,3500,234500
2018/8/29,美洲,加拿大,多倫多,曼特寧咖啡豆,136,2450,333200
2018/8/29,亞洲,中國,廣州,藍山咖啡豆,130,875,113750
2018/8/31,亞洲,日本,大阪,保溫壺,75,750,56250
2018/8/31,美洲,美國,芝加哥,哥倫比亞咖啡豆,91,525,47775
2018/8/31,亞洲,中國,廣州,經典咖啡豆,69,675,46575
2018/8/31,亞洲,中國,上海,阿拉比卡咖啡豆,45,525,23625
2018/8/31,亞洲,中國,北京,研磨咖啡機,53,3125,165625
2018/8/31,美洲,加拿大,多倫多,重焙咖啡豆,76,750,57000
2018/8/31,美洲,美國,紐約,旅行咖啡機,33,2500,82500
2018/8/31,亞洲,日本,橫濱,義式咖啡機,86,6075,522450
2018/9/1,美洲,加拿大,溫哥華,曼特寧咖啡豆,79,2450,193550
2018/9/3,亞洲,日本,大阪,手搖磨豆機,59,2250,132750
2018/9/3,亞洲,中國,北京,爪哇咖啡豆,41,675,27675
2018/9/3,美洲,加拿大,多倫多,瓜地馬拉咖啡豆,44,525,23100
2018/9/4,亞洲,中國,上海,巴西咖啡豆,36,675,24300
2018/9/4,亞洲,日本,橫濱,哥倫比亞咖啡豆,69,525,36225
2018/9/5,美洲,美國,芝加哥,阿拉比卡咖啡豆,35,525,18375
2018/9/5,美洲,美國,紐約,保溫壺,76,750,57000
2018/9/5,美洲,加拿大,溫哥華,研磨咖啡機,53,3125,165625
2018/9/5,亞洲,中國,廣州,重焙咖啡豆,59,750,44250
2018/9/6,亞洲,中國,北京,經典咖啡豆,29,675,19575
2018/9/7,亞洲,中國,上海,旅行咖啡機,23,2500,57500
2018/9/7,美洲,美國,芝加哥,電動磨豆機,30,3500,105000
2018/9/7,美洲,美國,紐約,藍山咖啡豆,20,875,17500
2018/9/7,亞洲,日本,大阪,曼特寧咖啡豆,20,2450,49000
2018/9/7,美洲,加拿大,多倫多,義式咖啡機,30,6075,182250
2018/9/7,亞洲,中國,廣州,藍山咖啡豆,52,875,45500
2018/9/7,亞洲,日本,橫濱,巴西咖啡豆,34,675,22950
2018/9/8,美洲,加拿大,溫哥華,電動磨豆機,49,3500,171500
2018/9/9,美洲,美國,芝加哥,爪哇咖啡豆,75,675,50625
2018/9/10,亞洲,中國,上海,手搖磨豆機,67,2250,150750
2018/9/10,美洲,加拿大,溫哥華,阿拉比卡咖啡豆,61,525,32025
2018/9/10,亞洲,中國,廣州,保溫壺,62,750,46500
2018/9/11,亞洲,日本,大阪,爪哇咖啡豆,53,675,35775
2018/9/11,亞洲,中國,北京,巴西咖啡豆,71,675,47925
2018/9/11,美洲,加拿大,多倫多,手搖磨豆機,52,2250,117000
2018/9/11,美洲,美國,紐約,瓜地馬拉咖啡豆,27,525,14175
2018/9/11,亞洲,日本,橫濱,研磨咖啡機,68,3125,212500
2018/9/12,美洲,加拿大,多倫多,曼特寧咖啡豆,51,2450,124950
2018/9/12,美洲,加拿大,溫哥華,電動磨豆機,42,3500,147000
2018/9/13,亞洲,中國,北京,旅行咖啡機,34,2500,85000
2018/9/13,美洲,美國,紐約,義式咖啡機,58,6075,352350
2018/9/13,亞洲,中國,上海,重焙咖啡豆,45,750,33750
2018/9/13,美洲,美國,芝加哥,經典咖啡豆,45,675,30375
2018/9/13,亞洲,日本,橫濱,瓜地馬拉咖啡豆,39,525,20475
2018/9/14,亞洲,日本,大阪,哥倫比亞咖啡豆,64,525,33600
2018/9/14,亞洲,中國,廣州,藍山咖啡豆,49,875,42875
2018/9/15,亞洲,中國,上海,阿拉比卡咖啡豆,62,525,32550
2018/9/15,亞洲,日本,大阪,保溫壺,84,750,63000
2018/9/15,美洲,美國,芝加哥,哥倫比亞咖啡豆,62,525,32550
2018/9/15,亞洲,中國,廣州,經典咖啡豆,103,675,69525
2018/9/15,亞洲,日本,橫濱,義式咖啡機,93,6075,564975
2018/9/16,亞洲,中國,北京,研磨咖啡機,104,3125,325000
2018/9/16,美洲,加拿大,溫哥華,曼特寧咖啡豆,80,2450,196000
2018/9/16,美洲,加拿大,多倫多,重焙咖啡豆,41,750,30750
2018/9/17,美洲,美國,紐約,旅行咖啡機,65,2500,162500
2018/9/18,亞洲,日本,大阪,手搖磨豆機,38,2250,85500
2018/9/18,美洲,加拿大,溫哥華,研磨咖啡機,27,3125,84375
2018/9/18,亞洲,中國,廣州,重焙咖啡豆,45,750,33750
2018/9/19,美洲,加拿大,多倫多,瓜地馬拉咖啡豆,44,525,23100
2018/9/19,亞洲,日本,橫濱,哥倫比亞咖啡豆,43,525,22575
2018/9/19,美洲,美國,芝加哥,阿拉比卡咖啡豆,75,525,39375
2018/9/19,美洲,美國,紐約,保溫壺,39,750,29250
2018/9/20,亞洲,中國,上海,巴西咖啡豆,40,675,27000
2018/9/20,亞洲,中國,北京,爪哇咖啡豆,19,675,12825
2018/9/21,美洲,美國,紐約,爪哇咖啡豆,30,675,20250
2018/9/22,亞洲,中國,上海,旅行咖啡機,41,2500,102500
2018/9/22,亞洲,中國,北京,爪哇咖啡豆,55,675,37125
2018/9/22,美洲,美國,芝加哥,手搖磨豆機,63,2250,141750
2018/9/22,美洲,加拿大,溫哥華,瓜地馬拉咖啡豆,67,525,35175
2018/9/22,亞洲,中國,廣州,阿拉比卡咖啡豆,34,525,17850
2018/9/22,亞洲,日本,橫濱,保溫壺,75,750,56250
2018/9/23,亞洲,日本,大阪,曼特寧咖啡豆,41,2450,100450
2018/9/23,美洲,加拿大,多倫多,巴西咖啡豆,45,675,30375
2018/9/24,亞洲,日本,橫濱,藍山咖啡豆,52,875,45500
2018/9/25,亞洲,中國,北京,哥倫比亞咖啡豆,49,525,25725
2018/9/25,亞洲,中國,廣州,電動磨豆機,61,3500,213500
2018/9/25,亞洲,中國,上海,研磨咖啡機,40,3125,125000
2018/9/25,亞洲,日本,大阪,重焙咖啡豆,40,750,30000
2018/9/25,美洲,加拿大,多倫多,旅行咖啡機,64,2500,160000
2018/9/25,美洲,美國,芝加哥,曼特寧咖啡豆,61,2450,149450
2018/9/26,美洲,美國,紐約,經典咖啡豆,69,675,46575
2018/9/26,美洲,加拿大,溫哥華,義式咖啡機,45,6075,273375
2018/9/27,亞洲,中國,上海,瓜地馬拉咖啡豆,130,525,68250
2018/9/27,美洲,加拿大,多倫多,研磨咖啡機,100,3125,312500
2018/9/27,美洲,美國,紐約,哥倫比亞咖啡豆,60,525,31500
2018/9/28,亞洲,日本,大阪,阿拉比卡咖啡豆,50,525,26250
2018/9/28,美洲,美國,芝加哥,重焙咖啡豆,60,750,45000
2018/9/28,亞洲,中國,北京,保溫壺,83,750,62250
2018/9/28,美洲,加拿大,溫哥華,旅行咖啡機,60,2500,150000
2018/9/29,亞洲,中國,廣州,曼特寧咖啡豆,87,2450,213150
2018/9/29,亞洲,日本,橫濱,經典咖啡豆,113,675,76275
2018/9/30,亞洲,中國,上海,義式咖啡機,30,6075,182250
2018/9/30,亞洲,日本,橫濱,重焙咖啡豆,20,750,15000
2018/10/1,亞洲,日本,大阪,巴西咖啡豆,73,675,49275
2018/10/1,美洲,加拿大,多倫多,爪哇咖啡豆,77,675,51975
2018/10/1,美洲,美國,紐約,阿拉比卡咖啡豆,23,525,12075
2018/10/1,美洲,加拿大,溫哥華,保溫壺,34,750,25500
2018/10/1,亞洲,中國,廣州,研磨咖啡機,40,3125,125000
2018/10/1,美洲,美國,芝加哥,瓜地馬拉咖啡豆,74,525,38850
2018/10/2,亞洲,中國,北京,手搖磨豆機,82,2250,184500
2018/10/3,亞洲,日本,大阪,旅行咖啡機,39,2500,97500
2018/10/3,亞洲,中國,北京,曼特寧咖啡豆,28,2450,68600
2018/10/4,美洲,美國,芝加哥,義式咖啡機,52,6075,315900
2018/10/4,美洲,美國,紐約,電動磨豆機,27,3500,94500
2018/10/4,美洲,加拿大,溫哥華,藍山咖啡豆,59,875,51625
2018/10/4,亞洲,中國,廣州,電動磨豆機,65,3500,227500
2018/10/5,亞洲,中國,上海,哥倫比亞咖啡豆,39,525,20475
2018/10/5,美洲,加拿大,多倫多,經典咖啡豆,48,675,32400
2018/10/5,亞洲,日本,橫濱,藍山咖啡豆,43,875,37625
2018/10/6,亞洲,中國,北京,爪哇咖啡豆,32,675,21600
2018/10/6,美洲,加拿大,多倫多,瓜地馬拉咖啡豆,41,525,21525
2018/10/6,美洲,加拿大,溫哥華,研磨咖啡機,48,3125,150000
2018/10/7,亞洲,日本,橫濱,哥倫比亞咖啡豆,46,525,24150
2018/10/7,美洲,美國,紐約,保溫壺,31,750,23250
2018/10/8,亞洲,中國,上海,巴西咖啡豆,44,675,29700
2018/10/8,亞洲,日本,大阪,手搖磨豆機,22,2250,49500
2018/10/8,美洲,美國,芝加哥,阿拉比卡咖啡豆,38,525,19950
2018/10/8,亞洲,中國,廣州,重焙咖啡豆,23,750,17250
2018/10/9,亞洲,中國,上海,旅行咖啡機,74,2500,185000
2018/10/9,美洲,加拿大,多倫多,義式咖啡機,54,6075,328050
2018/10/9,美洲,加拿大,溫哥華,爪哇咖啡豆,66,675,44550
2018/10/10,亞洲,日本,大阪,曼特寧咖啡豆,59,2450,144550
2018/10/10,亞洲,中國,廣州,巴西咖啡豆,49,675,33075
2018/10/10,亞洲,日本,橫濱,手搖磨豆機,75,2250,168750
2018/10/10,亞洲,中國,北京,經典咖啡豆,56,675,37800
2018/10/11,美洲,美國,芝加哥,巴西咖啡豆,16,675,10800
2018/10/11,美洲,美國,紐約,手搖磨豆機,43,2250,96750
2018/10/12,亞洲,中國,上海,爪哇咖啡豆,34,675,22950
2018/10/12,亞洲,中國,北京,阿拉比卡咖啡豆,32,525,16800
2018/10/13,美洲,美國,芝加哥,研磨咖啡機,44,3125,137500
2018/10/13,美洲,美國,紐約,重焙咖啡豆,40,750,30000
2018/10/13,亞洲,日本,橫濱,曼特寧咖啡豆,37,2450,90650
2018/10/13,亞洲,日本,大阪,瓜地馬拉咖啡豆,51,525,26775
2018/10/13,美洲,加拿大,多倫多,保溫壺,32,750,24000
2018/10/13,亞洲,中國,廣州,旅行咖啡機,31,2500,77500
2018/10/14,美洲,加拿大,溫哥華,哥倫比亞咖啡豆,31,525,16275
2018/10/15,美洲,美國,芝加哥,瓜地馬拉咖啡豆,52,525,27300
2018/10/16,亞洲,中國,上海,經典咖啡豆,82,675,55350
2018/10/16,美洲,加拿大,多倫多,藍山咖啡豆,80,875,70000
2018/10/16,亞洲,日本,橫濱,重焙咖啡豆,76,750,57000
2018/10/16,亞洲,日本,大阪,義式咖啡機,46,6075,279450
2018/10/16,美洲,美國,紐約,阿拉比卡咖啡豆,70,525,36750
2018/10/16,亞洲,中國,廣州,研磨咖啡機,102,3125,318750
2018/10/17,亞洲,中國,北京,電動磨豆機,60,3500,210000
2018/10/17,美洲,加拿大,溫哥華,保溫壺,35,750,26250
2018/10/18,亞洲,中國,廣州,爪哇咖啡豆,28,675,18900
2018/10/19,亞洲,中國,上海,哥倫比亞咖啡豆,44,525,23100
2018/10/19,美洲,加拿大,多倫多,經典咖啡豆,30,675,20250
2018/10/19,美洲,美國,芝加哥,義式咖啡機,37,6075,224775
2018/10/19,亞洲,日本,大阪,旅行咖啡機,24,2500,60000
2018/10/19,美洲,美國,紐約,巴西咖啡豆,32,675,21600
2018/10/19,亞洲,日本,橫濱,瓜地馬拉咖啡豆,37,525,19425
2018/10/20,亞洲,中國,北京,曼特寧咖啡豆,25,2450,61250
2018/10/20,美洲,加拿大,溫哥華,手搖磨豆機,34,2250,76500
2018/10/21,亞洲,中國,上海,阿拉比卡咖啡豆,65,525,34125
2018/10/21,亞洲,日本,大阪,保溫壺,72,750,54000
2018/10/21,美洲,美國,芝加哥,哥倫比亞咖啡豆,34,525,17850
2018/10/21,亞洲,日本,橫濱,義式咖啡機,40,6075,243000
2018/10/22,亞洲,中國,北京,研磨咖啡機,51,3125,159375
2018/10/22,亞洲,中國,廣州,經典咖啡豆,43,675,29025
2018/10/23,美洲,加拿大,多倫多,重焙咖啡豆,68,750,51000
2018/10/23,美洲,美國,紐約,旅行咖啡機,58,2500,145000
2018/10/23,美洲,加拿大,溫哥華,曼特寧咖啡豆,57,2450,139650
2018/10/24,亞洲,日本,大阪,藍山咖啡豆,52,875,45500
2018/10/24,美洲,美國,芝加哥,巴西咖啡豆,53,675,35775
2018/10/24,美洲,美國,紐約,手搖磨豆機,45,2250,101250
2018/10/24,亞洲,中國,廣州,瓜地馬拉咖啡豆,34,525,17850
2018/10/25,亞洲,中國,北京,電動磨豆機,33,3500,115500
2018/10/25,亞洲,日本,橫濱,阿拉比卡咖啡豆,64,525,33600
2018/10/25,美洲,加拿大,多倫多,藍山咖啡豆,49,875,42875
2018/10/25,美洲,加拿大,溫哥華,爪哇咖啡豆,72,675,48600
2018/10/26,亞洲,中國,上海,電動磨豆機,31,3500,108500
2018/10/27,美洲,加拿大,溫哥華,手搖磨豆機,50,2250,112500
2018/10/28,亞洲,中國,上海,保溫壺,121,750,90750
2018/10/28,亞洲,日本,大阪,研磨咖啡機,71,3125,221875
2018/10/28,亞洲,日本,橫濱,巴西咖啡豆,40,675,27000
2018/10/28,美洲,美國,芝加哥,旅行咖啡機,27,2500,67500
2018/10/28,美洲,美國,紐約,巴西咖啡豆,86,675,58050
2018/10/29,亞洲,中國,北京,重焙咖啡豆,120,750,90000
2018/10/29,美洲,加拿大,多倫多,哥倫比亞咖啡豆,56,525,29400
2018/10/29,亞洲,中國,廣州,爪哇咖啡豆,116,675,78300
2018/10/30,美洲,美國,芝加哥,保溫壺,106,750,79500
2018/10/30,亞洲,中國,廣州,哥倫比亞咖啡豆,50,525,26250
2018/10/31,亞洲,日本,大阪,爪哇咖啡豆,17,675,11475
2018/10/31,美洲,加拿大,多倫多,阿拉比卡咖啡豆,16,525,8400
2018/10/31,美洲,美國,紐約,研磨咖啡機,29,3125,90625
2018/10/31,亞洲,中國,北京,瓜地馬拉咖啡豆,51,525,26775
2018/10/31,亞洲,日本,橫濱,旅行咖啡機,38,2500,95000
2018/11/1,亞洲,中國,上海,手搖磨豆機,56,2250,126000
2018/11/1,美洲,加拿大,溫哥華,重焙咖啡豆,35,750,26250
2018/11/3,亞洲,日本,大阪,經典咖啡豆,54,675,36450
2018/11/3,美洲,美國,芝加哥,藍山咖啡豆,55,875,48125
2018/11/3,亞洲,日本,橫濱,巴西咖啡豆,67,675,45225
2018/11/4,亞洲,中國,上海,曼特寧咖啡豆,50,2450,122500
2018/11/4,亞洲,中國,北京,義式咖啡機,50,6075,303750
2018/11/4,美洲,加拿大,多倫多,電動磨豆機,59,3500,206500
2018/11/4,亞洲,中國,廣州,保溫壺,28,750,21000
2018/11/5,美洲,美國,紐約,瓜地馬拉咖啡豆,38,525,19950
2018/11/5,美洲,加拿大,溫哥華,阿拉比卡咖啡豆,55,525,28875
2018/11/6,亞洲,中國,上海,手搖磨豆機,52,2250,117000
2018/11/6,亞洲,日本,橫濱,研磨咖啡機,30,3125,93750
2018/11/7,美洲,美國,芝加哥,爪哇咖啡豆,52,675,35100
2018/11/7,亞洲,中國,廣州,保溫壺,41,750,30750
2018/11/7,亞洲,中國,北京,巴西咖啡豆,26,675,17550
2018/11/8,亞洲,日本,大阪,爪哇咖啡豆,47,675,31725
2018/11/8,美洲,加拿大,多倫多,手搖磨豆機,17,2250,38250
2018/11/8,美洲,美國,紐約,瓜地馬拉咖啡豆,55,525,28875
2018/11/8,美洲,加拿大,溫哥華,阿拉比卡咖啡豆,29,525,15225
2018/11/9,美洲,美國,紐約,義式咖啡機,31,6075,188325
2018/11/9,亞洲,日本,橫濱,瓜地馬拉咖啡豆,63,525,33075
2018/11/10,美洲,加拿大,多倫多,曼特寧咖啡豆,46,2450,112700
2018/11/10,亞洲,中國,廣州,藍山咖啡豆,62,875,54250
2018/11/10,亞洲,中國,北京,旅行咖啡機,27,2500,67500
2018/11/10,美洲,加拿大,溫哥華,電動磨豆機,43,3500,150500
2018/11/11,亞洲,中國,上海,重焙咖啡豆,52,750,39000
2018/11/11,亞洲,日本,大阪,哥倫比亞咖啡豆,49,525,25725
2018/11/11,美洲,美國,芝加哥,經典咖啡豆,96,675,64800
2018/11/12,美洲,加拿大,溫哥華,曼特寧咖啡豆,45,2450,110250
2018/11/13,美洲,美國,紐約,旅行咖啡機,47,2500,117500
2018/11/13,亞洲,中國,廣州,經典咖啡豆,41,675,27675
2018/11/13,亞洲,日本,大阪,保溫壺,27,750,20250
2018/11/13,亞洲,中國,北京,研磨咖啡機,61,3125,190625
2018/11/13,美洲,加拿大,多倫多,重焙咖啡豆,34,750,25500
2018/11/13,美洲,美國,芝加哥,哥倫比亞咖啡豆,22,525,11550
2018/11/13,亞洲,日本,橫濱,義式咖啡機,49,6075,297675
2018/11/14,亞洲,中國,上海,阿拉比卡咖啡豆,62,525,32550
2018/11/15,亞洲,中國,北京,爪哇咖啡豆,57,675,38475
2018/11/15,美洲,美國,芝加哥,阿拉比卡咖啡豆,34,525,17850
2018/11/15,亞洲,日本,橫濱,哥倫比亞咖啡豆,29,525,15225
2018/11/16,美洲,美國,紐約,保溫壺,28,750,21000
2018/11/16,美洲,加拿大,溫哥華,研磨咖啡機,66,3125,206250
2018/11/16,亞洲,日本,大阪,手搖磨豆機,60,2250,135000
2018/11/16,美洲,加拿大,多倫多,瓜地馬拉咖啡豆,76,525,39900
2018/11/16,亞洲,中國,廣州,重焙咖啡豆,50,750,37500
2018/11/17,亞洲,中國,上海,巴西咖啡豆,66,675,44550
2018/11/18,亞洲,日本,大阪,曼特寧咖啡豆,22,2450,53900
2018/11/18,亞洲,中國,北京,經典咖啡豆,31,675,20925
2018/11/18,美洲,美國,紐約,爪哇咖啡豆,45,675,30375
2018/11/18,亞洲,中國,廣州,手搖磨豆機,27,2250,60750
2018/11/18,亞洲,日本,橫濱,爪哇咖啡豆,20,675,13500
2018/11/19,美洲,加拿大,多倫多,巴西咖啡豆,36,675,24300
2018/11/19,亞洲,中國,上海,旅行咖啡機,25,2500,62500
2018/11/19,美洲,美國,芝加哥,手搖磨豆機,27,2250,60750
2018/11/19,美洲,加拿大,溫哥華,巴西咖啡豆,43,675,29025
2018/11/21,亞洲,日本,橫濱,經典咖啡豆,56,675,37800
2018/11/22,亞洲,中國,廣州,曼特寧咖啡豆,58,2450,142100
2018/11/22,亞洲,中國,上海,瓜地馬拉咖啡豆,44,525,23100
2018/11/22,美洲,加拿大,多倫多,研磨咖啡機,49,3125,153125
2018/11/22,美洲,美國,芝加哥,重焙咖啡豆,66,750,49500
2018/11/22,美洲,美國,紐約,哥倫比亞咖啡豆,75,525,39375
2018/11/23,亞洲,日本,大阪,阿拉比卡咖啡豆,31,525,16275
2018/11/23,亞洲,中國,北京,保溫壺,64,750,48000
2018/11/23,美洲,加拿大,溫哥華,旅行咖啡機,36,2500,90000
2018/11/24,亞洲,中國,北京,藍山咖啡豆,51,875,44625
2018/11/24,亞洲,中國,廣州,重焙咖啡豆,28,750,21000
2018/11/24,亞洲,日本,橫濱,哥倫比亞咖啡豆,56,525,29400
2018/11/25,亞洲,中國,上海,義式咖啡機,36,6075,218700
2018/11/25,美洲,加拿大,多倫多,瓜地馬拉咖啡豆,41,525,21525
2018/11/25,美洲,加拿大,溫哥華,研磨咖啡機,40,3125,125000
2018/11/25,美洲,美國,紐約,保溫壺,41,750,30750
2018/11/26,亞洲,日本,大阪,電動磨豆機,69,3500,241500
2018/11/26,美洲,美國,芝加哥,阿拉比卡咖啡豆,46,525,24150
2018/11/27,亞洲,日本,大阪,曼特寧咖啡豆,98,2450,240100
2018/11/27,美洲,美國,芝加哥,巴西咖啡豆,71,675,47925
2018/11/28,亞洲,中國,廣州,瓜地馬拉咖啡豆,117,525,61425
2018/11/28,亞洲,日本,橫濱,阿拉比卡咖啡豆,106,525,55650
2018/11/28,亞洲,中國,上海,旅行咖啡機,126,2500,315000
2018/11/28,美洲,美國,紐約,手搖磨豆機,122,2250,274500
2018/11/29,亞洲,中國,北京,經典咖啡豆,134,675,90450
2018/11/29,美洲,加拿大,多倫多,義式咖啡機,62,6075,376650
2018/11/29,美洲,加拿大,溫哥華,爪哇咖啡豆,67,675,45225
2018/11/30,美洲,加拿大,溫哥華,經典咖啡豆,59,675,39825
2018/12/1,亞洲,日本,大阪,研磨咖啡機,84,3125,262500
2018/12/1,亞洲,中國,上海,保溫壺,38,750,28500
2018/12/1,亞洲,中國,北京,重焙咖啡豆,39,750,29250
2018/12/1,美洲,美國,紐約,曼特寧咖啡豆,89,2450,218050
2018/12/1,亞洲,中國,廣州,義式咖啡機,81,6075,492075
2018/12/2,美洲,加拿大,多倫多,哥倫比亞咖啡豆,82,525,43050
2018/12/2,美洲,美國,芝加哥,旅行咖啡機,87,2500,217500
2018/12/2,亞洲,日本,橫濱,電動磨豆機,26,3500,91000
2018/12/3,亞洲,中國,上海,藍山咖啡豆,70,875,61250
2018/12/4,美洲,加拿大,多倫多,巴西咖啡豆,52,675,35100
2018/12/4,亞洲,中國,北京,藍山咖啡豆,38,875,33250
2018/12/4,亞洲,日本,橫濱,爪哇咖啡豆,33,675,22275
2018/12/5,亞洲,日本,大阪,電動磨豆機,26,3500,91000
2018/12/5,美洲,美國,芝加哥,手搖磨豆機,36,2250,81000
2018/12/5,美洲,美國,紐約,爪哇咖啡豆,34,675,22950
2018/12/5,美洲,加拿大,溫哥華,巴西咖啡豆,69,675,46575
2018/12/5,亞洲,中國,廣州,手搖磨豆機,28,2250,63000
2018/12/6,亞洲,中國,上海,瓜地馬拉咖啡豆,50,525,26250
2018/12/6,美洲,加拿大,多倫多,研磨咖啡機,48,3125,150000
2018/12/7,亞洲,中國,北京,保溫壺,30,750,22500
2018/12/7,美洲,美國,芝加哥,爪哇咖啡豆,19,675,12825
2018/12/7,美洲,加拿大,溫哥華,手搖磨豆機,23,2250,51750
2018/12/7,亞洲,中國,廣州,爪哇咖啡豆,28,675,18900
2018/12/8,亞洲,日本,大阪,阿拉比卡咖啡豆,45,525,23625
2018/12/8,美洲,美國,紐約,巴西咖啡豆,53,675,35775
2018/12/8,亞洲,日本,橫濱,瓜地馬拉咖啡豆,47,525,24675
2018/12/9,美洲,加拿大,多倫多,重焙咖啡豆,26,750,19500
2018/12/9,亞洲,中國,廣州,經典咖啡豆,68,675,45900
2018/12/10,亞洲,日本,大阪,保溫壺,52,750,39000
2018/12/10,亞洲,中國,上海,阿拉比卡咖啡豆,72,525,37800
2018/12/16,亞洲,中國,廣州,阿拉比卡咖啡豆,90,525,47250
2018/12/16,亞洲,日本,橫濱,保溫壺,99,750,74250
2018/12/17,亞洲,中國,北京,義式咖啡機,88,6075,534600
2018/12/17,美洲,加拿大,多倫多,巴西咖啡豆,62,675,41850
2018/12/17,美洲,美國,芝加哥,手搖磨豆機,86,2250,193500
2018/12/17,美洲,美國,紐約,爪哇咖啡豆,62,675,41850
2018/12/18,亞洲,中國,北京,哥倫比亞咖啡豆,41,525,21525
2018/12/18,亞洲,中國,廣州,電動磨豆機,27,3500,94500
2018/12/19,美洲,加拿大,多倫多,旅行咖啡機,31,2500,77500
2018/12/19,美洲,美國,芝加哥,曼特寧咖啡豆,44,2450,107800
2018/12/19,亞洲,日本,橫濱,藍山咖啡豆,43,875,37625
2018/12/19,亞洲,中國,上海,研磨咖啡機,30,3125,93750
2018/12/19,亞洲,日本,大阪,重焙咖啡豆,22,750,16500
2018/12/20,美洲,美國,紐約,經典咖啡豆,43,675,29025
2018/12/20,美洲,加拿大,溫哥華,義式咖啡機,42,6075,255150
2018/12/21,亞洲,中國,北京,巴西咖啡豆,70,675,47250
2018/12/21,美洲,加拿大,溫哥華,阿拉比卡咖啡豆,39,525,20475
2018/12/22,亞洲,中國,上海,電動磨豆機,39,3500,136500
2018/12/22,美洲,加拿大,多倫多,手搖磨豆機,52,2250,117000
2018/12/22,亞洲,中國,廣州,保溫壺,70,750,52500
2018/12/23,亞洲,日本,大阪,藍山咖啡豆,69,875,60375
2018/12/23,美洲,美國,芝加哥,爪哇咖啡豆,35,675,23625
2018/12/23,美洲,美國,紐約,瓜地馬拉咖啡豆,32,525,16800
2018/12/23,亞洲,日本,橫濱,研磨咖啡機,46,3125,143750
2018/12/24,美洲,美國,紐約,義式咖啡機,30,6075,182250
2018/12/25,亞洲,日本,大阪,哥倫比亞咖啡豆,75,525,39375
2018/12/25,亞洲,日本,橫濱,爪哇咖啡豆,29,675,19575
2018/12/25,亞洲,中國,北京,旅行咖啡機,43,2500,107500
2018/12/25,美洲,加拿大,多倫多,曼特寧咖啡豆,44,2450,107800
2018/12/26,亞洲,中國,上海,重焙咖啡豆,72,750,54000
2018/12/26,美洲,美國,芝加哥,經典咖啡豆,32,675,21600
2018/12/26,美洲,加拿大,溫哥華,巴西咖啡豆,46,675,31050
2018/12/26,亞洲,中國,廣州,手搖磨豆機,26,2250,58500
2018/12/27,美洲,美國,紐約,保溫壺,50,750,37500
2018/12/28,亞洲,中國,北京,爪哇咖啡豆,44,675,29700
2018/12/28,美洲,加拿大,溫哥華,研磨咖啡機,116,3125,362500
2018/12/28,亞洲,日本,橫濱,哥倫比亞咖啡豆,75,525,39375
2018/12/28,亞洲,日本,大阪,手搖磨豆機,130,2250,292500
2018/12/28,亞洲,中國,廣州,重焙咖啡豆,69,750,51750
2018/12/29,亞洲,中國,上海,巴西咖啡豆,57,675,38475
2018/12/29,美洲,加拿大,多倫多,瓜地馬拉咖啡豆,112,525,58800
2018/12/29,美洲,美國,芝加哥,阿拉比卡咖啡豆,29,525,15225
2018/12/30,亞洲,中國,北京,經典咖啡豆,78,675,52650
2018/12/30,美洲,美國,芝加哥,電動磨豆機,99,3500,346500
2018/12/30,亞洲,日本,橫濱,保溫壺,84,750,63000
2018/12/31,亞洲,中國,上海,旅行咖啡機,37,2500,92500
2018/12/31,美洲,加拿大,多倫多,義式咖啡機,73,6075,443475
2018/12/31,美洲,加拿大,溫哥華,瓜地馬拉咖啡豆,78,525,40950
2018/12/31,亞洲,中國,廣州,阿拉比卡咖啡豆,42,525,22050
2019/1/1,亞洲,日本,大阪,曼特寧咖啡豆,33,2450,80850
2019/1/1,美洲,美國,紐約,藍山咖啡豆,18,875,15750
